date,"actual_price_Amazon Basics 1 Ton, 5 Star, Wi-Fi Enabled Smart(Alexa/Google Assistant), Single Rotary Inverter Split AC (Copper Condense...","actual_price_Amazon Basics 1.5 Ton, 5 Star, Wi-Fi Enabled Smart(Alexa/Google Assistant), Twin Rotary Inverter Split AC (Copper Condense...","actual_price_AmazonBasics 1 Ton 3 Star Split Ac (White, Copper, Anti Corrosion Coating)","actual_price_AmazonBasics 1.5 Ton 5 Star Inverter Split AC (White, Air Purifier, Copper)","actual_price_Blue Star 0.8 Ton 3 Star Fixed Speed Window AC (Copper, Turbo Cool, Humidity Control, Fan Modes-Auto/High/Medium/Low, Hydr...","actual_price_Blue Star 0.8 Ton 3 Star Inverter Split Ac (Copper, Turbo Cool, Gold Fins, Comfort Sleep, Self Clean Technology, Multi Sen...","actual_price_Blue Star 1 Ton 3 Star Convertible 4 in 1 Cooling Inverter Split AC (Copper, Multi Sensors, Stabalizer Free Operation, Dus...","actual_price_Blue Star 1 Ton 3 Star Fixed Speed Window AC (Copper, Turbo Cool, Humidity Control, Fan Modes-Auto/High/Medium/Low, Hydrop...","actual_price_Blue Star 1 Ton Fixed Speed Portable AC (Copper, Anti Bacterial Silver Coating, Self Diagnosis, Comfort Sleep Modes-Auto/C...","actual_price_Blue Star 1.5 Ton 3 Star Convertible 4 in 1 Cooling Inverter Split AC (Copper, Multi Sensors, Stabalizer Free Operation, D...","actual_price_Blue Star 1.5 Ton 3 Star Fixed Speed Window AC (Copper, Turbo Cool, Humidity Control, Fan Modes-Auto/High/Medium/Low, Hydr...","actual_price_Blue Star 1.5 Ton 5 Star Convertible 5 in 1 Cooling Inverter Split AC (Copper, 4 Way Swing, Stabalizer Free Operation, Dus...","actual_price_Blue Star 1.5 Ton 5 Star Fixed Speed Window AC (Copper, Turbo Cool, Humidity Control, Fan Modes-Auto/High/Medium/Low, Hydr...","actual_price_Blue Star 2 Ton 3 Star Convertible 4 in 1 Cooling Inverter Split AC (Copper, Smart Ready, Auto Defrost, Multi Sensors,Stab...","actual_price_Carrier 1 Ton 3 Star AI Flexicool Inverter Split AC (Copper, Convertible 4-in-1 Cooling,Dual Filtration with HD & PM 2.5 F...","actual_price_Carrier 1 Ton 3 Star Fixed Speed Split AC (Copper,Auto Cleanser, Economic Sleep Mode, High Density Filter for Dust Filtrat...","actual_price_Carrier 1.5 Ton 3 Star Fixed Speed Window AC( Copper,High Density Filter for Dust Filtration, 2Way Air Directional Contro...","actual_price_Carrier 1.5 Ton 3 Star Inverter Split AC (Copper,ESTER Dxi, 4-in-1 Flexicool Inverter, 2022 Model,R32,White)","actual_price_Carrier 1.5 Ton 5 Star AI Flexicool Inverter Split AC (Copper, Convertible 6-in-1 Cooling,Dual Filtration with HD & PM 2.5...","actual_price_Carrier 2 Ton 3 Star AI Flexicool Inverter Split AC (Copper, Convertible 4-in-1 Cooling,Dual Filtration with HD & PM 2.5 F...","actual_price_Carrier 2 Ton 5 Star AI Flexicool Inverter Split AC (Copper, Convertible 6-in-1 Cooling,Dual Filtration with HD & PM 2.5 F...","actual_price_Cruise 1 Ton [Portable Antibacterial Coating, Dust Filter, Air Purifier, Dehumidifier Portable Ac (Copper, Cpcatf-Pq3S12, ...","actual_price_Cruise 1.5 Ton 3 Star Inverter Split AC with 7-Stage Air Filtration (100% Copper, Convertible 4-in-1, PM 2.5 Filter, 2022 ...","actual_price_Daikin 1 Ton 3 Star Inverter Split AC (Copper, PM 2.5 Filter, Triple Display, Dew Clean Technology, Coanda Airflow, 2023 M...","actual_price_Daikin 1 Ton 5 Star Inverter Split AC (Copper, PM 2.5 Filter, 2022 Model, MTKM35U, White)","actual_price_Daikin 1.5 Ton 3 Star Fixed Speed Split AC (Copper, PM 2.5 Filter, 2022 Model, FTL50U, White)","actual_price_Daikin 1.5 Ton 3 Star Inverter Split AC (Copper, PM 2.5 Filter, Triple Display, Dew Clean Technology, Coanda Airflow, MTKL...","actual_price_Daikin 1.5 Ton 5 Star Inverter Split AC (Copper, PM 1.0 Filter, 2022 Model, JTKJ50U, White)","actual_price_Daikin 1.5 Ton 5 Star Inverter Split AC (Copper, PM 2.5 Filter, 2022 Model, MTKM50U, White)","actual_price_Godrej 1 Ton 3 Star Inverter Split Ac Model 2023 (100% Copper,5-In-1 Convertible, Ac 1T Ei 12Tinv3R32-Gwa Split, White)","actual_price_Godrej 1.5 Ton 3 Star 5-In-1 Convertible, Inverter Split AC (100% Copper,I-Sense, 2023 Model, AC 1.5T EI 18TINV3R32-GWA/AC...","actual_price_Godrej 1.5 Ton 5 Star 5-In-1 Convertible, Inverter Split AC (100% Copper, Heavy Duty Cooling at 52°C, 2023 Model,AC 1.5T E...","actual_price_Haier 1.5 Ton 3 Star Frost Self Clean Inverter Split AC(100% Grooved copper, Super Anti-corrosion, 2023 Model, HSU17V-TMS3...",actual_price_Hitachi SPLIT AC - 1.0 Ton HITACHI SHIZEN 3100S INVERTER - R32 - RAPG312HFEOZ1 (Gold),actual_price_Hitachi Split Ac - 1.5 Ton Kiyora 5200Fx I Fresh Inverter - R32 - RSRG518FFEO (Gold),actual_price_Hitachi Split Ac - 1.5 Ton Shizen 3100S  Inverter - R32 - RSQG318HFEOF (Gold),"actual_price_IFB 1 Ton 3 Star Twin Inverter Split Fastcool Silver Series AC (Copper, PM 0.3 Filter, IACI12SA3G3C, 2021 Model, Ivory Matte)","actual_price_IFB 1.5 Ton 3 Star Heavy Duty Inverter Split AC (Copper, Convertible Flexi 8-in-1 Cooling, PM 0.3 Filter, 2022 Model, CI18...","actual_price_LG 0.8 Ton 3 Star AI DUAL Inverter Split AC (Copper, Super Convertible 6-in-1 Cooling, HD Filter with Anti Virus protectio...","actual_price_LG 1 Ton 4 Star Ai Dual Inverter Split Ac (Copper, Super Convertible 6-In-1 Cooling, Hd Filter With Anti Virus Protection,...","actual_price_LG 1 Ton 5 Star AI+ DUAL Inverter Wi-Fi Split AC (Copper, Super Convertible 6-in-1 Cooling, HD Filter with Anti-Virus Prot...","actual_price_LG 1.0 Ton 5 Star DUAL Inverter Wi-Fi Window AC (Copper, Convertible 4-in-1 cooling, PW-Q12WUZA, 2022 Model, HD Filter, Wh...","actual_price_LG 1.5 Ton 2 Star DUAL Inverter Split AC (Copper, Convertible 4-in-1 Cooling, HD Filter with Anti-virus Protection, 2023 M...","actual_price_LG 1.5 Ton 3 Star AI DUAL Inverter Split AC (Copper, Super Convertible 6-in-1 Cooling, HD Filter with Anti-Virus Protectio...","actual_price_LG 1.5 Ton 3 Star DUAL Inverter Window AC (Copper, Convertible 4-in-1 cooling, HD Filter, 2022 Model, PW-Q18WUXA, White)","actual_price_LG 1.5 Ton 4 Star AI DUAL Inverter Split AC (Copper, Super Convertible 6-in-1 Cooling, HD Filter with Anti-Virus Protectio...","actual_price_LG 1.5 Ton 5 Star AI DUAL Inverter Split AC (Copper, Super Convertible 6-in-1 Cooling, HD Filter with Anti-Virus Protectio...","actual_price_LG 2.0 Ton 3 Star AI DUAL Inverter Split AC (Copper, Super Convertible 6-in-1 Cooling, 4 Way Swing, HD Filter with Anti-Vi...","actual_price_Lloyd 1.0 Ton 2 Star Fixed Speed Split AC (Copper, Anti-Viral + PM 2.5 Filter, 2023 Model, White, GLS12C2XWASD)","actual_price_Lloyd 1.0 Ton 3 Star Inverter Split Ac (5 In 1 Convertible, Copper, Anti-Viral + Pm 2.5 Filter, 2023 Model, White With Chr...","actual_price_Lloyd 1.0 Ton 5 Star Inverter Split Ac (5 In 1 Convertible, Copper, Anti-Viral + Pm 2.5 Filter, 2023 Model, White With Chr...","actual_price_Lloyd 1.5 Ton 2 Star Fixed Speed Split AC (Copper, Anti-Viral + PM 2.5 Filter, 2023 Model, White, GLS18C2XWASS)","actual_price_Lloyd 1.5 Ton 3 Star Fixed Speed Window Ac (Copper, 2023 Model, White With Silver Deco Strip, Glw18C3Ywsew)","actual_price_Lloyd 1.5 Ton 3 Star Inverter Split Ac (5 In 1 Convertible, Copper, Anti-Viral + Pm 2.5 Filter, 2023 Model, White, Gls18I3...","actual_price_Lloyd 1.5 Ton 4 Star Fixed Speed Window Ac (Copper, 2023 Model, White With Golden Deco Strip, Glw18C4Ywgew)","actual_price_Lloyd 1.5 Ton 5 Star Inverter Split Ac (5 In 1 Convertible, Copper, Anti-Viral + Pm 2.5 Filter, 2023 Model, White With Chr...","actual_price_Lloyd 2.0 Ton 3 Star Inverter Split Ac (5 In 1 Convertible, Copper, Anti-Viral + Pm 2.5 Filter, 2023 Model, White With Sil...","actual_price_Lloyd 2.0 Ton 5 Star Inverter Split Ac (5 In 1 Convertible, Copper, Anti-Viral + Pm 2.5 Filter, 2023 Model, White With Gol...","actual_price_Panasonic 1 Ton 3 Star Inverter Split Air Conditioner (Copper, PM 2.5 Air Purification, 2022 Model, CS/CU-RU12XKYA, White)","actual_price_Panasonic 1 Ton 4 Star Wi-Fi Inverter Smart Split AC (Copper Condenser, 7 in 1 Convertible with additional AI Mode, 4 Way ...","actual_price_Panasonic 1 Ton 5 Star Wi-Fi Inverter Smart Split AC (Copper Condenser, 7 in 1 Convertible with additional AI Mode, 4 Way ...","actual_price_Panasonic 1.5 Ton 3 Star Hot and Cold Wi-Fi Inverter Smart Split AC (Copper, 7 in 1 Convertible with additional AI Mode, T...","actual_price_Panasonic 1.5 Ton 3 Star Wi-Fi Inverter Smart Split AC (Copper Condenser, 7 in 1 Convertible with additional AI Mode, PM ...","actual_price_Panasonic 1.5 Ton 4 Star Wi-Fi Inverter Smart Split AC (Copper Condenser, 7 in 1 Convertible with additional AI Mode, 4 Wa...","actual_price_Panasonic 1.5 Ton 5 Star Wi-Fi Inverter Smart Split AC (Copper Condenser, 7 in 1 Convertible with additional AI Mode, 4 Wa...","actual_price_Panasonic 2 Ton 4 Star Wi-Fi Inverter Smart Split AC (Copper Condenser, 7 in 1 Convertible with additional AI Mode, 4 Way ...","actual_price_Panasonic 2 Ton 5 Star Wi-Fi Inverter Smart Split AC (Copper, 7 in 1 Convertible with additional AI Mode, Twin Cool, PM 0....","actual_price_Samsung 1 Ton 3 Star Inverter Split Ac (Copper, Convertible 5-In-1 Cooling Mode, Easy Filter Plus (Anti-Bacteria), 2023 Mo...","actual_price_Samsung 1 Ton 3 Star Wi-fi Enabled, Wind-Free Technology Inverter Split AC (Copper, Convertible 5-in-1 Cooling Mode, Anti-...","actual_price_Samsung 1 Ton 3 Star Wind-Free Technology Inverter Split AC (Copper, Convertible 5-in-1 Cooling Mode, Easy Filter Plus (An...","actual_price_Samsung 1 Ton 5 Star Inverter Split AC (Copper, Convertible 5-in-1 Cooling Mode, Anti-bacterial Filter, 2023 Model AR12CY5...","actual_price_Samsung 1.5 Ton 3 Star Inverter Split AC (Copper, Convertible 5-in-1 Cooling Mode, Easy Filter Plus (Anti-Bacteria), 2023 ...","actual_price_Samsung 1.5 Ton 3 Star Wi-fi Enabled, Wind-Free Technology Inverter Split AC (Copper, Convertible 5-in-1 Cooling Mode, Ant...","actual_price_Samsung 1.5 Ton 3 Star Wind-Free Technology Inverter Split AC (Copper, Convertible 5-in-1 Cooling Mode, Anti-bacterial Fil...","actual_price_Samsung 1.5 Ton 5 Star Inverter Split AC (Copper, Convertible 5-in-1 Cooling Mode, Anti-Bacteria, 2023 Model AR18CYNZABE W...","actual_price_Samsung 1.5 Ton 5 Star Wi-fi Enabled, Wind-Free Technology Inverter Split AC (Copper, Convertible 5-in-1 Cooling Mode, Ant...","actual_price_Samsung 1.5 Ton 5 Star Wind-Free Technology Inverter Split AC (Copper, Convertible 5-in-1 Cooling Mode, Anti-bacterial Fil...","actual_price_Samsung 2 Ton 3 Star Wi-fi Enabled Inverter Split AC (Copper, Convertible 5-in-1 Cooling Mode, Anti-bacterial Filter, 2023...","actual_price_Voltas 0.8 Ton 3 Star, Inverter Split AC(Copper, 4-in-1 Adjustable Mode, Anti-dust Filter, 2023 Model, 103V Vectra Elite, ...",actual_price_Voltas 1 Ton 3 Star Window AC (123 Lyi/123 LZF White),"actual_price_Voltas 1 Ton 3 Star, Inverter Split AC(Copper, 4-in-1 Adjustable Mode, Anti-dust Filter, 2023 Model, 123V Vectra Elegant, ...","actual_price_Voltas 1 Ton 3 Star, Inverter Split AC(Copper, 4-in-1 Adjustable Mode, Anti-dust Filter, 2023 Model, 123V Vectra Elite, Wh...","actual_price_Voltas 1.4 Ton 3 Star Inverter Split AC(Copper, Adjustable Cooling, Anti-dust Filter, 2023 Model, 173V Vectra Platina, White)","actual_price_Voltas 1.5 Ton 3 Star, Fixed Speed Window AC (Copper, Turbo Mode, 2023 Model, 183 Vectra Pearl, White)","actual_price_Voltas 1.5 Ton 3 Star, Inverter Window AC (Copper, 2-in-1 Adjustable Mode, 2023 Model, 183V Vertis Elite, White)","actual_price_Voltas 1.5 Ton 5 Star, Inverter Window AC (Copper, 2-in-1 Adjustable Mode, 2023 Model, 185V Vertis Elite, White)","actual_price_Voltas 1.5 Ton, 5 Star, Inverter Split AC(Copper, 4-in-1 Adjustable Mode, Anti-dust Filter, 2023 Model, 185V DAZJ, White)","actual_price_Voltas 2 Ton 3 Star, Inverter Split AC(Copper, 4-in-1 Adjustable Mode, Anti-dust Filter, 2023 Model, 243V Vectra Elite, Wh...","actual_price_Voltas 2 Ton 5 Star, Inverter Split AC(Copper,4-in-1 Adjustable Mode, Anti-dust Filter, 2023 Model, 245V Vectra Plus, White)",actual_price_Voltas SAC 123 Vectra Platina Fixed Window AC 1 Ton,"actual_price_Whirlpool 1.0 Ton 3 Star, Flexicool Inverter Split AC (Copper, Convertible 4-in-1 Cooling Mode, HD Filter 2023 Model, S3K1...","actual_price_Whirlpool 1.5 Ton 3 Star, Flexicool Inverter Split AC (Copper, Convertible 4-in-1 Cooling Mode, HD Filter 2023 Model, S3K1...","actual_price_Whirlpool 1.5 Ton 4 Star, Flexicool Inverter Split AC (Copper, Convertible 4-in-1 Cooling Mode, HD Filter 2023 Model, S3I3...","actual_price_Whirlpool 1.5 Ton 5 Star, Flexicool Inverter Split AC (Copper, Convertible 4-in-1 Cooling Mode, HD Filter 2023 Model, S3I3...","no_of_ratings_Amazon Basics 1 Ton, 5 Star, Wi-Fi Enabled Smart(Alexa/Google Assistant), Single Rotary Inverter Split AC (Copper Condense...","no_of_ratings_Amazon Basics 1.5 Ton, 5 Star, Wi-Fi Enabled Smart(Alexa/Google Assistant), Twin Rotary Inverter Split AC (Copper Condense...","no_of_ratings_AmazonBasics 1 Ton 3 Star Split Ac (White, Copper, Anti Corrosion Coating)","no_of_ratings_AmazonBasics 1.5 Ton 5 Star Inverter Split AC (White, Air Purifier, Copper)","no_of_ratings_Blue Star 0.8 Ton 3 Star Fixed Speed Window AC (Copper, Turbo Cool, Humidity Control, Fan Modes-Auto/High/Medium/Low, Hydr...","no_of_ratings_Blue Star 0.8 Ton 3 Star Inverter Split Ac (Copper, Turbo Cool, Gold Fins, Comfort Sleep, Self Clean Technology, Multi Sen...","no_of_ratings_Blue Star 1 Ton 3 Star Convertible 4 in 1 Cooling Inverter Split AC (Copper, Multi Sensors, Stabalizer Free Operation, Dus...","no_of_ratings_Blue Star 1 Ton 3 Star Fixed Speed Window AC (Copper, Turbo Cool, Humidity Control, Fan Modes-Auto/High/Medium/Low, Hydrop...","no_of_ratings_Blue Star 1 Ton Fixed Speed Portable AC (Copper, Anti Bacterial Silver Coating, Self Diagnosis, Comfort Sleep Modes-Auto/C...","no_of_ratings_Blue Star 1.5 Ton 3 Star Convertible 4 in 1 Cooling Inverter Split AC (Copper, Multi Sensors, Stabalizer Free Operation, D...","no_of_ratings_Blue Star 1.5 Ton 3 Star Fixed Speed Window AC (Copper, Turbo Cool, Humidity Control, Fan Modes-Auto/High/Medium/Low, Hydr...","no_of_ratings_Blue Star 1.5 Ton 5 Star Convertible 5 in 1 Cooling Inverter Split AC (Copper, 4 Way Swing, Stabalizer Free Operation, Dus...","no_of_ratings_Blue Star 1.5 Ton 5 Star Fixed Speed Window AC (Copper, Turbo Cool, Humidity Control, Fan Modes-Auto/High/Medium/Low, Hydr...","no_of_ratings_Blue Star 2 Ton 3 Star Convertible 4 in 1 Cooling Inverter Split AC (Copper, Smart Ready, Auto Defrost, Multi Sensors,Stab...","no_of_ratings_Carrier 1 Ton 3 Star AI Flexicool Inverter Split AC (Copper, Convertible 4-in-1 Cooling,Dual Filtration with HD & PM 2.5 F...","no_of_ratings_Carrier 1 Ton 3 Star Fixed Speed Split AC (Copper,Auto Cleanser, Economic Sleep Mode, High Density Filter for Dust Filtrat...","no_of_ratings_Carrier 1.5 Ton 3 Star Fixed Speed Window AC( Copper,High Density Filter for Dust Filtration, 2Way Air Directional Contro...","no_of_ratings_Carrier 1.5 Ton 3 Star Inverter Split AC (Copper,ESTER Dxi, 4-in-1 Flexicool Inverter, 2022 Model,R32,White)","no_of_ratings_Carrier 1.5 Ton 5 Star AI Flexicool Inverter Split AC (Copper, Convertible 6-in-1 Cooling,Dual Filtration with HD & PM 2.5...","no_of_ratings_Carrier 2 Ton 3 Star AI Flexicool Inverter Split AC (Copper, Convertible 4-in-1 Cooling,Dual Filtration with HD & PM 2.5 F...","no_of_ratings_Carrier 2 Ton 5 Star AI Flexicool Inverter Split AC (Copper, Convertible 6-in-1 Cooling,Dual Filtration with HD & PM 2.5 F...","no_of_ratings_Cruise 1 Ton [Portable Antibacterial Coating, Dust Filter, Air Purifier, Dehumidifier Portable Ac (Copper, Cpcatf-Pq3S12, ...","no_of_ratings_Cruise 1.5 Ton 3 Star Inverter Split AC with 7-Stage Air Filtration (100% Copper, Convertible 4-in-1, PM 2.5 Filter, 2022 ...","no_of_ratings_Daikin 1 Ton 3 Star Inverter Split AC (Copper, PM 2.5 Filter, Triple Display, Dew Clean Technology, Coanda Airflow, 2023 M...","no_of_ratings_Daikin 1 Ton 5 Star Inverter Split AC (Copper, PM 2.5 Filter, 2022 Model, MTKM35U, White)","no_of_ratings_Daikin 1.5 Ton 3 Star Fixed Speed Split AC (Copper, PM 2.5 Filter, 2022 Model, FTL50U, White)","no_of_ratings_Daikin 1.5 Ton 3 Star Inverter Split AC (Copper, PM 2.5 Filter, Triple Display, Dew Clean Technology, Coanda Airflow, MTKL...","no_of_ratings_Daikin 1.5 Ton 5 Star Inverter Split AC (Copper, PM 1.0 Filter, 2022 Model, JTKJ50U, White)","no_of_ratings_Daikin 1.5 Ton 5 Star Inverter Split AC (Copper, PM 2.5 Filter, 2022 Model, MTKM50U, White)","no_of_ratings_Godrej 1 Ton 3 Star Inverter Split Ac Model 2023 (100% Copper,5-In-1 Convertible, Ac 1T Ei 12Tinv3R32-Gwa Split, White)","no_of_ratings_Godrej 1.5 Ton 3 Star 5-In-1 Convertible, Inverter Split AC (100% Copper,I-Sense, 2023 Model, AC 1.5T EI 18TINV3R32-GWA/AC...","no_of_ratings_Godrej 1.5 Ton 5 Star 5-In-1 Convertible, Inverter Split AC (100% Copper, Heavy Duty Cooling at 52°C, 2023 Model,AC 1.5T E...","no_of_ratings_Haier 1.5 Ton 3 Star Frost Self Clean Inverter Split AC(100% Grooved copper, Super Anti-corrosion, 2023 Model, HSU17V-TMS3...",no_of_ratings_Hitachi SPLIT AC - 1.0 Ton HITACHI SHIZEN 3100S INVERTER - R32 - RAPG312HFEOZ1 (Gold),no_of_ratings_Hitachi Split Ac - 1.5 Ton Kiyora 5200Fx I Fresh Inverter - R32 - RSRG518FFEO (Gold),no_of_ratings_Hitachi Split Ac - 1.5 Ton Shizen 3100S  Inverter - R32 - RSQG318HFEOF (Gold),"no_of_ratings_IFB 1 Ton 3 Star Twin Inverter Split Fastcool Silver Series AC (Copper, PM 0.3 Filter, IACI12SA3G3C, 2021 Model, Ivory Matte)","no_of_ratings_IFB 1.5 Ton 3 Star Heavy Duty Inverter Split AC (Copper, Convertible Flexi 8-in-1 Cooling, PM 0.3 Filter, 2022 Model, CI18...","no_of_ratings_LG 0.8 Ton 3 Star AI DUAL Inverter Split AC (Copper, Super Convertible 6-in-1 Cooling, HD Filter with Anti Virus protectio...","no_of_ratings_LG 1 Ton 4 Star Ai Dual Inverter Split Ac (Copper, Super Convertible 6-In-1 Cooling, Hd Filter With Anti Virus Protection,...","no_of_ratings_LG 1 Ton 5 Star AI+ DUAL Inverter Wi-Fi Split AC (Copper, Super Convertible 6-in-1 Cooling, HD Filter with Anti-Virus Prot...","no_of_ratings_LG 1.0 Ton 5 Star DUAL Inverter Wi-Fi Window AC (Copper, Convertible 4-in-1 cooling, PW-Q12WUZA, 2022 Model, HD Filter, Wh...","no_of_ratings_LG 1.5 Ton 2 Star DUAL Inverter Split AC (Copper, Convertible 4-in-1 Cooling, HD Filter with Anti-virus Protection, 2023 M...","no_of_ratings_LG 1.5 Ton 3 Star AI DUAL Inverter Split AC (Copper, Super Convertible 6-in-1 Cooling, HD Filter with Anti-Virus Protectio...","no_of_ratings_LG 1.5 Ton 3 Star DUAL Inverter Window AC (Copper, Convertible 4-in-1 cooling, HD Filter, 2022 Model, PW-Q18WUXA, White)","no_of_ratings_LG 1.5 Ton 4 Star AI DUAL Inverter Split AC (Copper, Super Convertible 6-in-1 Cooling, HD Filter with Anti-Virus Protectio...","no_of_ratings_LG 1.5 Ton 5 Star AI DUAL Inverter Split AC (Copper, Super Convertible 6-in-1 Cooling, HD Filter with Anti-Virus Protectio...","no_of_ratings_LG 2.0 Ton 3 Star AI DUAL Inverter Split AC (Copper, Super Convertible 6-in-1 Cooling, 4 Way Swing, HD Filter with Anti-Vi...","no_of_ratings_Lloyd 1.0 Ton 2 Star Fixed Speed Split AC (Copper, Anti-Viral + PM 2.5 Filter, 2023 Model, White, GLS12C2XWASD)","no_of_ratings_Lloyd 1.0 Ton 3 Star Inverter Split Ac (5 In 1 Convertible, Copper, Anti-Viral + Pm 2.5 Filter, 2023 Model, White With Chr...","no_of_ratings_Lloyd 1.0 Ton 5 Star Inverter Split Ac (5 In 1 Convertible, Copper, Anti-Viral + Pm 2.5 Filter, 2023 Model, White With Chr...","no_of_ratings_Lloyd 1.5 Ton 2 Star Fixed Speed Split AC (Copper, Anti-Viral + PM 2.5 Filter, 2023 Model, White, GLS18C2XWASS)","no_of_ratings_Lloyd 1.5 Ton 3 Star Fixed Speed Window Ac (Copper, 2023 Model, White With Silver Deco Strip, Glw18C3Ywsew)","no_of_ratings_Lloyd 1.5 Ton 3 Star Inverter Split Ac (5 In 1 Convertible, Copper, Anti-Viral + Pm 2.5 Filter, 2023 Model, White, Gls18I3...","no_of_ratings_Lloyd 1.5 Ton 4 Star Fixed Speed Window Ac (Copper, 2023 Model, White With Golden Deco Strip, Glw18C4Ywgew)","no_of_ratings_Lloyd 1.5 Ton 5 Star Inverter Split Ac (5 In 1 Convertible, Copper, Anti-Viral + Pm 2.5 Filter, 2023 Model, White With Chr...","no_of_ratings_Lloyd 2.0 Ton 3 Star Inverter Split Ac (5 In 1 Convertible, Copper, Anti-Viral + Pm 2.5 Filter, 2023 Model, White With Sil...","no_of_ratings_Lloyd 2.0 Ton 5 Star Inverter Split Ac (5 In 1 Convertible, Copper, Anti-Viral + Pm 2.5 Filter, 2023 Model, White With Gol...","no_of_ratings_Panasonic 1 Ton 3 Star Inverter Split Air Conditioner (Copper, PM 2.5 Air Purification, 2022 Model, CS/CU-RU12XKYA, White)","no_of_ratings_Panasonic 1 Ton 4 Star Wi-Fi Inverter Smart Split AC (Copper Condenser, 7 in 1 Convertible with additional AI Mode, 4 Way ...","no_of_ratings_Panasonic 1 Ton 5 Star Wi-Fi Inverter Smart Split AC (Copper Condenser, 7 in 1 Convertible with additional AI Mode, 4 Way ...","no_of_ratings_Panasonic 1.5 Ton 3 Star Hot and Cold Wi-Fi Inverter Smart Split AC (Copper, 7 in 1 Convertible with additional AI Mode, T...","no_of_ratings_Panasonic 1.5 Ton 3 Star Wi-Fi Inverter Smart Split AC (Copper Condenser, 7 in 1 Convertible with additional AI Mode, PM ...","no_of_ratings_Panasonic 1.5 Ton 4 Star Wi-Fi Inverter Smart Split AC (Copper Condenser, 7 in 1 Convertible with additional AI Mode, 4 Wa...","no_of_ratings_Panasonic 1.5 Ton 5 Star Wi-Fi Inverter Smart Split AC (Copper Condenser, 7 in 1 Convertible with additional AI Mode, 4 Wa...","no_of_ratings_Panasonic 2 Ton 4 Star Wi-Fi Inverter Smart Split AC (Copper Condenser, 7 in 1 Convertible with additional AI Mode, 4 Way ...","no_of_ratings_Panasonic 2 Ton 5 Star Wi-Fi Inverter Smart Split AC (Copper, 7 in 1 Convertible with additional AI Mode, Twin Cool, PM 0....","no_of_ratings_Samsung 1 Ton 3 Star Inverter Split Ac (Copper, Convertible 5-In-1 Cooling Mode, Easy Filter Plus (Anti-Bacteria), 2023 Mo...","no_of_ratings_Samsung 1 Ton 3 Star Wi-fi Enabled, Wind-Free Technology Inverter Split AC (Copper, Convertible 5-in-1 Cooling Mode, Anti-...","no_of_ratings_Samsung 1 Ton 3 Star Wind-Free Technology Inverter Split AC (Copper, Convertible 5-in-1 Cooling Mode, Easy Filter Plus (An...","no_of_ratings_Samsung 1 Ton 5 Star Inverter Split AC (Copper, Convertible 5-in-1 Cooling Mode, Anti-bacterial Filter, 2023 Model AR12CY5...","no_of_ratings_Samsung 1.5 Ton 3 Star Inverter Split AC (Copper, Convertible 5-in-1 Cooling Mode, Easy Filter Plus (Anti-Bacteria), 2023 ...","no_of_ratings_Samsung 1.5 Ton 3 Star Wi-fi Enabled, Wind-Free Technology Inverter Split AC (Copper, Convertible 5-in-1 Cooling Mode, Ant...","no_of_ratings_Samsung 1.5 Ton 3 Star Wind-Free Technology Inverter Split AC (Copper, Convertible 5-in-1 Cooling Mode, Anti-bacterial Fil...","no_of_ratings_Samsung 1.5 Ton 5 Star Inverter Split AC (Copper, Convertible 5-in-1 Cooling Mode, Anti-Bacteria, 2023 Model AR18CYNZABE W...","no_of_ratings_Samsung 1.5 Ton 5 Star Wi-fi Enabled, Wind-Free Technology Inverter Split AC (Copper, Convertible 5-in-1 Cooling Mode, Ant...","no_of_ratings_Samsung 1.5 Ton 5 Star Wind-Free Technology Inverter Split AC (Copper, Convertible 5-in-1 Cooling Mode, Anti-bacterial Fil...","no_of_ratings_Samsung 2 Ton 3 Star Wi-fi Enabled Inverter Split AC (Copper, Convertible 5-in-1 Cooling Mode, Anti-bacterial Filter, 2023...","no_of_ratings_Voltas 0.8 Ton 3 Star, Inverter Split AC(Copper, 4-in-1 Adjustable Mode, Anti-dust Filter, 2023 Model, 103V Vectra Elite, ...",no_of_ratings_Voltas 1 Ton 3 Star Window AC (123 Lyi/123 LZF White),"no_of_ratings_Voltas 1 Ton 3 Star, Inverter Split AC(Copper, 4-in-1 Adjustable Mode, Anti-dust Filter, 2023 Model, 123V Vectra Elegant, ...","no_of_ratings_Voltas 1 Ton 3 Star, Inverter Split AC(Copper, 4-in-1 Adjustable Mode, Anti-dust Filter, 2023 Model, 123V Vectra Elite, Wh...","no_of_ratings_Voltas 1.4 Ton 3 Star Inverter Split AC(Copper, Adjustable Cooling, Anti-dust Filter, 2023 Model, 173V Vectra Platina, White)","no_of_ratings_Voltas 1.5 Ton 3 Star, Fixed Speed Window AC (Copper, Turbo Mode, 2023 Model, 183 Vectra Pearl, White)","no_of_ratings_Voltas 1.5 Ton 3 Star, Inverter Window AC (Copper, 2-in-1 Adjustable Mode, 2023 Model, 183V Vertis Elite, White)","no_of_ratings_Voltas 1.5 Ton 5 Star, Inverter Window AC (Copper, 2-in-1 Adjustable Mode, 2023 Model, 185V Vertis Elite, White)","no_of_ratings_Voltas 1.5 Ton, 5 Star, Inverter Split AC(Copper, 4-in-1 Adjustable Mode, Anti-dust Filter, 2023 Model, 185V DAZJ, White)","no_of_ratings_Voltas 2 Ton 3 Star, Inverter Split AC(Copper, 4-in-1 Adjustable Mode, Anti-dust Filter, 2023 Model, 243V Vectra Elite, Wh...","no_of_ratings_Voltas 2 Ton 5 Star, Inverter Split AC(Copper,4-in-1 Adjustable Mode, Anti-dust Filter, 2023 Model, 245V Vectra Plus, White)",no_of_ratings_Voltas SAC 123 Vectra Platina Fixed Window AC 1 Ton,"no_of_ratings_Whirlpool 1.0 Ton 3 Star, Flexicool Inverter Split AC (Copper, Convertible 4-in-1 Cooling Mode, HD Filter 2023 Model, S3K1...","no_of_ratings_Whirlpool 1.5 Ton 3 Star, Flexicool Inverter Split AC (Copper, Convertible 4-in-1 Cooling Mode, HD Filter 2023 Model, S3K1...","no_of_ratings_Whirlpool 1.5 Ton 4 Star, Flexicool Inverter Split AC (Copper, Convertible 4-in-1 Cooling Mode, HD Filter 2023 Model, S3I3...","no_of_ratings_Whirlpool 1.5 Ton 5 Star, Flexicool Inverter Split AC (Copper, Convertible 4-in-1 Cooling Mode, HD Filter 2023 Model, S3I3..."
2023-01-01,,,,,,,,,,,,,,,,,,,,,,,,,,,,,,,,,,,,,,,,,,,,,,,,,,,,,,58990.0,,,,,,,,,,,,,,,,,,,,,,,,,,,,,,,,,,,,,,,,,,,,,,,,,,,,,,,,,,,,,,,,,,,,,,,,,,,,,,,,,,,,,,,,,,,,,,"2,255",,,,,,,,,,,,,,,,,,,,,,,,,,,,,,,,,,,,,,,,
2023-01-02,,,,,,,,,,,,,,,,,,,,,,,,,,,,,,,,,,,,,,,,,,,,,,,75990.0,,,,,,,,,,,,,,,,,,,,,,,,,,,,,,,,,,,,,,,,,,,,,,,,,,,,,,,,,,,,,,,,,,,,,,,,,,,,,,,,,,,,,,,,,,,,,,"2,948",,,,,,,,,,,,,,,,,,,,,,,,,,,,,,,,,,,,,,,,,,,,,,,
2023-01-03,,,,,,,,,,,,,,,,,,,,,,,,,,,,,,,,,,,,,,,,61990.0,,,,,,,,,,,,,,,,,,,,,,,,,,,,,,,,,,,,,,,,,,,,,,,,,,,,,,,,,,,,,,,,,,,,,,,,,,,,,,,,,,,,,,,,,,,,,,"1,206",,,,,,,,,,,,,,,,,,,,,,,,,,,,,,,,,,,,,,,,,,,,,,,,,,,,,,
2023-01-04,,,,,,,,,,,,,,,,,,,,,,,,,,,,,,,,,,,,,,,,,,,,68990.0,,,,,,,,,,,,,,,,,,,,,,,,,,,,,,,,,,,,,,,,,,,,,,,,,,,,,,,,,,,,,,,,,,,,,,,,,,,,,,,,,,,,,,,,,,,,,,69,,,,,,,,,,,,,,,,,,,,,,,,,,,,,,,,,,,,,,,,,,,,,,,,,,
2023-01-05,,,,,,,,,,,,,,,,,,67790.0,,,,,,,,,,,,,,,,,,,,,,,,,,,,,,,,,,,,,,,,,,,,,,,,,,,,,,,,,,,,,,,,,,,,,,,,,,,,,,,,,,,,,,,,,,,,,,630,,,,,,,,,,,,,,,,,,,,,,,,,,,,,,,,,,,,,,,,,,,,,,,,,,,,,,,,,,,,,,,,,,,,,,,,,,,,
2023-01-06,,,,,,,,,,,,,,,,,,,,,,,,,,,,,,,,,,,,,,,,,,,,,,,,,,,,,,,,,,,,,,,,,,,,,,,,,,,,,,,,,,,70990.0,,,,,,,,,,,,,,,,,,,,,,,,,,,,,,,,,,,,,,,,,,,,,,,,,,,,,,,,,,,,,,,,,,,,,,,,,,,,,,,,,,,,,,,,,,,,,,"1,666",,,,,,,,,,,
2023-01-07,,,,,,,,,,,,,,,,,,,,,,,,,,,,,,,,,,,,,,,,,,,,,,,,,,49990.0,,,,,,,,,,,,,,,,,,,,,,,,,,,,,,,,,,,,,,,,,,,,,,,,,,,,,,,,,,,,,,,,,,,,,,,,,,,,,,,,,,,,,,,,,,,,,,"1,097",,,,,,,,,,,,,,,,,,,,,,,,,,,,,,,,,,,,,,,,,,,,
2023-01-08,,,,,,,,,,,,,,,,,,,,,,,,,,,,,,,,,,,,,,,,,,,,,,,,,,,,,,,,67990.0,,,,,,,,,,,,,,,,,,,,,,,,,,,,,,,,,,,,,,,,,,,,,,,,,,,,,,,,,,,,,,,,,,,,,,,,,,,,,,,,,,,,,,,,,,,,,,"1,494",,,,,,,,,,,,,,,,,,,,,,,,,,,,,,,,,,,,,,
2023-01-09,,,,,,,,,,,,,,,58190.0,,,,,,,,,,,,,,,,,,,,,,,,,,,,,,,,,,,,,,,,,,,,,,,,,,,,,,,,,,,,,,,,,,,,,,,,,,,,,,,,,,,,,,,,,,,,,,674,,,,,,,,,,,,,,,,,,,,,,,,,,,,,,,,,,,,,,,,,,,,,,,,,,,,,,,,,,,,,,,,,,,,,,,,,,,,,,,
2023-01-10,,,,,,,,,,,,,,,,,,,,,,,,,,,,,,,,,,,,,,,,,,,,,,,,,,,,,,,,,,,,,,,,,,,,,,,,,,,,,,,,,,,,,,,73990.0,,,,,,,,,,,,,,,,,,,,,,,,,,,,,,,,,,,,,,,,,,,,,,,,,,,,,,,,,,,,,,,,,,,,,,,,,,,,,,,,,,,,,,,,,,,,,,801,,,,,,,
2023-01-11,,,,,,,,,,,,,,,,,,,,,,,,48200.0,,,,,,,,,,,,,,,,,,,,,,,,,,,,,,,,,,,,,,,,,,,,,,,,,,,,,,,,,,,,,,,,,,,,,,,,,,,,,,,,,,,,,,,,,,,,,,558,,,,,,,,,,,,,,,,,,,,,,,,,,,,,,,,,,,,,,,,,,,,,,,,,,,,,,,,,,,,,,,,,,,,,,
2023-01-12,,,,,,,,,,,,,,,,,,,,,,,,,,,,,67200.0,,,,,,,,,,,,,,,,,,,,,,,,,,,,,,,,,,,,,,,,,,,,,,,,,,,,,,,,,,,,,,,,,,,,,,,,,,,,,,,,,,,,,,,,,,,,,,730,,,,,,,,,,,,,,,,,,,,,,,,,,,,,,,,,,,,,,,,,,,,,,,,,,,,,,,,,,,,,,,,,
2023-01-13,,,,,,,,,,,,,,,,,,,,,,,,,,,,,,,,,,,,,,,,,,,,,,,,,,,,,,,,,,,,,,,,,63400.0,,,,,,,,,,,,,,,,,,,,,,,,,,,,,,,,,,,,,,,,,,,,,,,,,,,,,,,,,,,,,,,,,,,,,,,,,,,,,,,,,,,,,,,,,,,,,,"5,073",,,,,,,,,,,,,,,,,,,,,,,,,,,,,
2023-01-14,,,,,,,,,,,,,,,,,,,78490.0,,,,,,,,,,,,,,,,,,,,,,,,,,,,,,,,,,,,,,,,,,,,,,,,,,,,,,,,,,,,,,,,,,,,,,,,,,,,,,,,,,,,,,,,,,,,,,568,,,,,,,,,,,,,,,,,,,,,,,,,,,,,,,,,,,,,,,,,,,,,,,,,,,,,,,,,,,,,,,,,,,,,,,,,,,
2023-01-15,,,,,,,,,,,,,,,,,,,,,,,,,,,,,,,,,,,,,,,,,,,,,,,,,,,,,,,,,,,,,,,,,,,,,,,,,,,,,,,,,,,,,,,,,,,,62000.0,,,,,,,,,,,,,,,,,,,,,,,,,,,,,,,,,,,,,,,,,,,,,,,,,,,,,,,,,,,,,,,,,,,,,,,,,,,,,,,,,,,,,,,,,,,,,,"3,670",,
2023-01-16,,,,,,,,,,,,,,,,,,,,,,,,,,,,,,,,,,,,,,,,,,,,,,,,,,,,,,,,,,,,,,,,,,,,,,,,60990.0,,,,,,,,,,,,,,,,,,,,,,,,,,,,,,,,,,,,,,,,,,,,,,,,,,,,,,,,,,,,,,,,,,,,,,,,,,,,,,,,,,,,,,,,,,,,,,312,,,,,,,,,,,,,,,,,,,,,,
2023-01-17,,,,,,,,,,,,,,,,,,,,,,,,,,,,,,,,,,,,,,,,,,,,,,,,,,,57990.0,,,,,,,,,,,,,,,,,,,,,,,,,,,,,,,,,,,,,,,,,,,,,,,,,,,,,,,,,,,,,,,,,,,,,,,,,,,,,,,,,,,,,,,,,,,,,,88,,,,,,,,,,,,,,,,,,,,,,,,,,,,,,,,,,,,,,,,,,,
2023-01-18,,,,,,,,,,,,,,,,,,,,,,,,,,,,,,,,54900.0,,,,,,,,,,,,,,,,,,,,,,,,,,,,,,,,,,,,,,,,,,,,,,,,,,,,,,,,,,,,,,,,,,,,,,,,,,,,,,,,,,,,,,,,,,,,,,432,,,,,,,,,,,,,,,,,,,,,,,,,,,,,,,,,,,,,,,,,,,,,,,,,,,,,,,,,,,,,,
2023-01-19,,,,,,,,,,,,,,,,,,,,,,,,,,,,,,42900.0,,,,,,,,,,,,,,,,,,,,,,,,,,,,,,,,,,,,,,,,,,,,,,,,,,,,,,,,,,,,,,,,,,,,,,,,,,,,,,,,,,,,,,,,,,,,,,268,,,,,,,,,,,,,,,,,,,,,,,,,,,,,,,,,,,,,,,,,,,,,,,,,,,,,,,,,,,,,,,,
2023-01-20,,,,,,,,,,,,,,,,,,,,,,,,,,,58400.0,,,,,,,,,,,,,,,,,,,,,,,,,,,,,,,,,,,,,,,,,,,,,,,,,,,,,,,,,,,,,,,,,,,,,,,,,,,,,,,,,,,,,,,,,,,,,,2,,,,,,,,,,,,,,,,,,,,,,,,,,,,,,,,,,,,,,,,,,,,,,,,,,,,,,,,,,,,,,,,,,,
2023-01-21,,,,,,,,,,62250.0,,,,,,,,,,,,,,,,,,,,,,,,,,,,,,,,,,,,,,,,,,,,,,,,,,,,,,,,,,,,,,,,,,,,,,,,,,,,,,,,,,,,,,,,,,,,,,700,,,,,,,,,,,,,,,,,,,,,,,,,,,,,,,,,,,,,,,,,,,,,,,,,,,,,,,,,,,,,,,,,,,,,,,,,,,,,,,,,,,,
2023-01-22,,,,,,,,,,,,,,,,,,,,,,,,,,,,,,,,,,,,,,,,,,,62990.0,,,,,,,,,,,,,,,,,,,,,,,,,,,,,,,,,,,,,,,,,,,,,,,,,,,,,,,,,,,,,,,,,,,,,,,,,,,,,,,,,,,,,,,,,,,,,,540,,,,,,,,,,,,,,,,,,,,,,,,,,,,,,,,,,,,,,,,,,,,,,,,,,,
2023-01-23,,,,,,,,,,,,,,,,,,,,,,,,,,,,,,,,,,,,,,,,,,,,,,71990.0,,,,,,,,,,,,,,,,,,,,,,,,,,,,,,,,,,,,,,,,,,,,,,,,,,,,,,,,,,,,,,,,,,,,,,,,,,,,,,,,,,,,,,,,,,,,,,258,,,,,,,,,,,,,,,,,,,,,,,,,,,,,,,,,,,,,,,,,,,,,,,,
2023-01-24,,,,,,,,,,,,,,,,,,,,,,,,,,,,,,,,,,,,,,,,,,,,,,,,,,,,,,,,,,,,,54600.0,,,,,,,,,,,,,,,,,,,,,,,,,,,,,,,,,,,,,,,,,,,,,,,,,,,,,,,,,,,,,,,,,,,,,,,,,,,,,,,,,,,,,,,,,,,,,,"2,178",,,,,,,,,,,,,,,,,,,,,,,,,,,,,,,,,
2023-01-25,,,,,,,,,,,,,,,,,,,,,,,,,,,,,,,,,,,,,,,,,,,,,,,,,,,,,47990.0,,,,,,,,,,,,,,,,,,,,,,,,,,,,,,,,,,,,,,,,,,,,,,,,,,,,,,,,,,,,,,,,,,,,,,,,,,,,,,,,,,,,,,,,,,,,,,0,,,,,,,,,,,,,,,,,,,,,,,,,,,,,,,,,,,,,,,,,
2023-01-26,,,,,,,,,,,,,,,,,,,,,,,,,,,,,,,,,,,,,,,,,,,,,,,,,,,,,,,,,,,,,,,,,,,,,,,,,,,72990.0,,,,,,,,,,,,,,,,,,,,,,,,,,,,,,,,,,,,,,,,,,,,,,,,,,,,,,,,,,,,,,,,,,,,,,,,,,,,,,,,,,,,,,,,,,,,,,"1,444",,,,,,,,,,,,,,,,,,,
2023-01-27,,,,,,,,,,,,,,,,,,,,,,,,,,,,,,,,,,,,,,,,,,,,,,,,,,,,,,,,,,,,,,,,,,,,,,,,,,,,,,,,,,,,,,49990.0,,,,,,,,,,,,,,,,,,,,,,,,,,,,,,,,,,,,,,,,,,,,,,,,,,,,,,,,,,,,,,,,,,,,,,,,,,,,,,,,,,,,,,,,,,,,,,360,,,,,,,,
2023-01-28,,,,,,,,,,,,,,,,,,,,,,,,,,,,,,,,,,,,,,,,,,,,,,,,,,,,,,,,,,,,,,,,,,,,50990.0,,,,,,,,,,,,,,,,,,,,,,,,,,,,,,,,,,,,,,,,,,,,,,,,,,,,,,,,,,,,,,,,,,,,,,,,,,,,,,,,,,,,,,,,,,,,,,38,,,,,,,,,,,,,,,,,,,,,,,,,,
2023-01-29,,,,,,,,,,,,,,,,,,,,,,,,,,,,,,,,,,,,,,,,,,75990.0,,,,,,,,,,,,,,,,,,,,,,,,,,,,,,,,,,,,,,,,,,,,,,,,,,,,,,,,,,,,,,,,,,,,,,,,,,,,,,,,,,,,,,,,,,,,,,"1,208",,,,,,,,,,,,,,,,,,,,,,,,,,,,,,,,,,,,,,,,,,,,,,,,,,,,
2023-01-30,,,,,,,,,,,,,,,,,,,,,,,,,,,,,,,46900.0,,,,,,,,,,,,,,,,,,,,,,,,,,,,,,,,,,,,,,,,,,,,,,,,,,,,,,,,,,,,,,,,,,,,,,,,,,,,,,,,,,,,,,,,,,,,,,341,,,,,,,,,,,,,,,,,,,,,,,,,,,,,,,,,,,,,,,,,,,,,,,,,,,,,,,,,,,,,,,
2023-01-31,,,,,,,,,,,,,,,,,,,,,,,,,,,,,,,,,,,,,,,,,,,,,,,,,,,,,,,,,,,,,,,,,,,,,,,,,,,,,,,,,,,,,,,,79990.0,,,,,,,,,,,,,,,,,,,,,,,,,,,,,,,,,,,,,,,,,,,,,,,,,,,,,,,,,,,,,,,,,,,,,,,,,,,,,,,,,,,,,,,,,,,,,,3,,,,,,
2023-02-01,,,,,,,,,,,,,,,,,,,,,,,,,,,,,,,,,,,,,,,,,,,,,,,,,,,,,,,,,,,,,,,,,,,,,,,,,62990.0,,,,,,,,,,,,,,,,,,,,,,,,,,,,,,,,,,,,,,,,,,,,,,,,,,,,,,,,,,,,,,,,,,,,,,,,,,,,,,,,,,,,,,,,,,,,,,15,,,,,,,,,,,,,,,,,,,,,
2023-02-02,,,,,,,,,,,,,,,,,,,,,,,,,,,,,,,,,,,,,,,,,,,,,,,,,,,,,,,,,,,,,,,,,,,,,,,,,,,,,,,,,,,,,,,,,,,57700.0,,,,,,,,,,,,,,,,,,,,,,,,,,,,,,,,,,,,,,,,,,,,,,,,,,,,,,,,,,,,,,,,,,,,,,,,,,,,,,,,,,,,,,,,,,,,,,925,,,
2023-02-03,,,,,,,,,,,,,,,,,,,,,,,,,,,,,,,,,,,,,,,,,,,,,,,,,,,,,,,,,,,,,,,,,,,,,,,,,,,,,,,,,,,,,,,,,,,,,,70600.0,,,,,,,,,,,,,,,,,,,,,,,,,,,,,,,,,,,,,,,,,,,,,,,,,,,,,,,,,,,,,,,,,,,,,,,,,,,,,,,,,,,,,,,,,,,,,,"3,604"
2023-02-04,,,,,,,,,,,,,,,,,,,,,,,,,,,,,,,,,,,,,,,,,,,,,,,,,,,,,,,,,,,,,,,,,,,,,,,,,,,,,,,54990.0,,,,,,,,,,,,,,,,,,,,,,,,,,,,,,,,,,,,,,,,,,,,,,,,,,,,,,,,,,,,,,,,,,,,,,,,,,,,,,,,,,,,,,,,,,,,,,42,,,,,,,,,,,,,,,
2023-02-05,,,,,,,,,,,,,,,,,,,,,,,,,,,,,,,,,,,,,,,57990.0,,,,,,,,,,,,,,,,,,,,,,,,,,,,,,,,,,,,,,,,,,,,,,,,,,,,,,,,,,,,,,,,,,,,,,,,,,,,,,,,,,,,,,,,,,,,,,22,,,,,,,,,,,,,,,,,,,,,,,,,,,,,,,,,,,,,,,,,,,,,,,,,,,,,,,
2023-02-06,,,,,,,,,,,,,,,,,,,,,,,,,55500.0,,,,,,,,,,,,,,,,,,,,,,,,,,,,,,,,,,,,,,,,,,,,,,,,,,,,,,,,,,,,,,,,,,,,,,,,,,,,,,,,,,,,,,,,,,,,,,94,,,,,,,,,,,,,,,,,,,,,,,,,,,,,,,,,,,,,,,,,,,,,,,,,,,,,,,,,,,,,,,,,,,,,
2023-02-07,,,,,,,,,39000.0,,,,,,,,,,,,,,,,,,,,,,,,,,,,,,,,,,,,,,,,,,,,,,,,,,,,,,,,,,,,,,,,,,,,,,,,,,,,,,,,,,,,,,,,,,,,,,"1,866",,,,,,,,,,,,,,,,,,,,,,,,,,,,,,,,,,,,,,,,,,,,,,,,,,,,,,,,,,,,,,,,,,,,,,,,,,,,,,,,,,,,,
2023-02-08,,,,,,,,33000.0,,,,,,,,,,,,,,,,,,,,,,,,,,,,,,,,,,,,,,,,,,,,,,,,,,,,,,,,,,,,,,,,,,,,,,,,,,,,,,,,,,,,,,,,,,,,,,292,,,,,,,,,,,,,,,,,,,,,,,,,,,,,,,,,,,,,,,,,,,,,,,,,,,,,,,,,,,,,,,,,,,,,,,,,,,,,,,,,,,,,,
2023-02-09,,,,,,,,,,,,,,,,,,,,,,,,,,,,,,,,,,,,,,,,,,,,,,,,,,,,,,,,,,,,,,,55400.0,,,,,,,,,,,,,,,,,,,,,,,,,,,,,,,,,,,,,,,,,,,,,,,,,,,,,,,,,,,,,,,,,,,,,,,,,,,,,,,,,,,,,,,,,,,,,,"1,830",,,,,,,,,,,,,,,,,,,,,,,,,,,,,,,
2023-02-10,,,,,,,,,,,,,,,,,,,,,,,,,,,,,,,,,,,,,,,,,,,,,,,,,,,,,,,,,,,,,,,,,,,,,53990.0,,,,,,,,,,,,,,,,,,,,,,,,,,,,,,,,,,,,,,,,,,,,,,,,,,,,,,,,,,,,,,,,,,,,,,,,,,,,,,,,,,,,,,,,,,,,,,8,,,,,,,,,,,,,,,,,,,,,,,,,
2023-02-11,,,,,,,,,,,,,,,,,,,,,,,,,,55600.0,,,,,,,,,,,,,,,,,,,,,,,,,,,,,,,,,,,,,,,,,,,,,,,,,,,,,,,,,,,,,,,,,,,,,,,,,,,,,,,,,,,,,,,,,,,,,,536,,,,,,,,,,,,,,,,,,,,,,,,,,,,,,,,,,,,,,,,,,,,,,,,,,,,,,,,,,,,,,,,,,,,
2023-02-12,,,,,,,,,,,,,,,,,45090.0,,,,,,,,,,,,,,,,,,,,,,,,,,,,,,,,,,,,,,,,,,,,,,,,,,,,,,,,,,,,,,,,,,,,,,,,,,,,,,,,,,,,,,,,,,,,,,201,,,,,,,,,,,,,,,,,,,,,,,,,,,,,,,,,,,,,,,,,,,,,,,,,,,,,,,,,,,,,,,,,,,,,,,,,,,,,
2023-02-13,,,,,,,,,,,,,,,,,,,,,,,,,,,,,,,,,,,,,,47790.0,,,,,,,,,,,,,,,,,,,,,,,,,,,,,,,,,,,,,,,,,,,,,,,,,,,,,,,,,,,,,,,,,,,,,,,,,,,,,,,,,,,,,,,,,,,,,,3,,,,,,,,,,,,,,,,,,,,,,,,,,,,,,,,,,,,,,,,,,,,,,,,,,,,,,,,
2023-02-14,,,,,,41500.0,,,,,,,,,,,,,,,,,,,,,,,,,,,,,,,,,,,,,,,,,,,,,,,,,,,,,,,,,,,,,,,,,,,,,,,,,,,,,,,,,,,,,,,,,,,,,,"2,722",,,,,,,,,,,,,,,,,,,,,,,,,,,,,,,,,,,,,,,,,,,,,,,,,,,,,,,,,,,,,,,,,,,,,,,,,,,,,,,,,,,,,,,,
2023-02-15,,,,,,,,,,,,,,,,,,,,,91690.0,,,,,,,,,,,,,,,,,,,,,,,,,,,,,,,,,,,,,,,,,,,,,,,,,,,,,,,,,,,,,,,,,,,,,,,,,,,,,,,,,,,,,,,,,,,,,,69,,,,,,,,,,,,,,,,,,,,,,,,,,,,,,,,,,,,,,,,,,,,,,,,,,,,,,,,,,,,,,,,,,,,,,,,,
2023-02-16,,,,,,,51500.0,,,,,,,,,,,,,,,,,,,,,,,,,,,,,,,,,,,,,,,,,,,,,,,,,,,,,,,,,,,,,,,,,,,,,,,,,,,,,,,,,,,,,,,,,,,,,,202,,,,,,,,,,,,,,,,,,,,,,,,,,,,,,,,,,,,,,,,,,,,,,,,,,,,,,,,,,,,,,,,,,,,,,,,,,,,,,,,,,,,,,,
2023-02-17,,,,,,,,,,,,,,,,,,,,,,,52900.0,,,,,,,,,,,,,,,,,,,,,,,,,,,,,,,,,,,,,,,,,,,,,,,,,,,,,,,,,,,,,,,,,,,,,,,,,,,,,,,,,,,,,,,,,,,,,,23,,,,,,,,,,,,,,,,,,,,,,,,,,,,,,,,,,,,,,,,,,,,,,,,,,,,,,,,,,,,,,,,,,,,,,,
2023-02-18,,,,56990.0,,,,,,,,,,,,,,,,,,,,,,,,,,,,,,,,,,,,,,,,,,,,,,,,,,,,,,,,,,,,,,,,,,,,,,,,,,,,,,,,,,,,,,,,,,,,,,"1,195",,,,,,,,,,,,,,,,,,,,,,,,,,,,,,,,,,,,,,,,,,,,,,,,,,,,,,,,,,,,,,,,,,,,,,,,,,,,,,,,,,,,,,,,,,
2023-02-19,,,,,,,,,,,,,,,,,,,,,,,,,,,,,,,,,,,,,,,,,,,,,,,,,,,,,,,,,,,,,,,,,,,,,,,,,,,,,,,,,56990.0,,,,,,,,,,,,,,,,,,,,,,,,,,,,,,,,,,,,,,,,,,,,,,,,,,,,,,,,,,,,,,,,,,,,,,,,,,,,,,,,,,,,,,,,,,,,,,5,,,,,,,,,,,,,
2023-02-20,,,,,,,,,,,,,,,,,,,,,,,,,,,,,,,,,,,,,,,,,,,,,,,,,,,,,,,,,,,,,,,,,,,,,,,57990.0,,,,,,,,,,,,,,,,,,,,,,,,,,,,,,,,,,,,,,,,,,,,,,,,,,,,,,,,,,,,,,,,,,,,,,,,,,,,,,,,,,,,,,,,,,,,,,0,,,,,,,,,,,,,,,,,,,,,,,
2023-02-21,,,,,,,,,,,,,,,,,,,,80890.0,,,,,,,,,,,,,,,,,,,,,,,,,,,,,,,,,,,,,,,,,,,,,,,,,,,,,,,,,,,,,,,,,,,,,,,,,,,,,,,,,,,,,,,,,,,,,,66,,,,,,,,,,,,,,,,,,,,,,,,,,,,,,,,,,,,,,,,,,,,,,,,,,,,,,,,,,,,,,,,,,,,,,,,,,
2023-02-26,,,,,,,,,,,,,,,,,,,,,,,,,,,,,,,,,,,,,,,,,,,,,,,,,,,,,,,,,,,,,,,,,,,,,,,,,,61990.0,,,,,,,,,,,,,,,,,,,,,,,,,,,,,,,,,,,,,,,,,,,,,,,,,,,,,,,,,,,,,,,,,,,,,,,,,,,,,,,,,,,,,,,,,,,,,,56,,,,,,,,,,,,,,,,,,,,
2023-02-27,,,,,,,,,,,,,,,,,,,,,,,,,,,,,,,,,64000.0,,,,,,,,,,,,,,,,,,,,,,,,,,,,,,,,,,,,,,,,,,,,,,,,,,,,,,,,,,,,,,,,,,,,,,,,,,,,,,,,,,,,,,,,,,,,,,0,,,,,,,,,,,,,,,,,,,,,,,,,,,,,,,,,,,,,,,,,,,,,,,,,,,,,,,,,,,,,
2023-02-28,,,,,,,,,,,,,,,,,,,,,,,,,,,,,,,,,,,71900.0,,,,,,,,,,,,,,,,,,,,,,,,,,,,,,,,,,,,,,,,,,,,,,,,,,,,,,,,,,,,,,,,,,,,,,,,,,,,,,,,,,,,,,,,,,,,,,1,,,,,,,,,,,,,,,,,,,,,,,,,,,,,,,,,,,,,,,,,,,,,,,,,,,,,,,,,,,
2023-03-01,,,,,,,,,,,,,,,,,,,,,,,,,,,,,,,,,,,,,,,,,,,,,,,,,,,,,,,,,,85990.0,,,,,,,,,,,,,,,,,,,,,,,,,,,,,,,,,,,,,,,,,,,,,,,,,,,,,,,,,,,,,,,,,,,,,,,,,,,,,,,,,,,,,,,,,,,,,,49,,,,,,,,,,,,,,,,,,,,,,,,,,,,,,,,,,,,
2023-03-02,,,,,,,,,,,,,,,,,,,,,,,,,,,,,,,,,,,,,,,,,,,,,,,,,,,,,,,,,,,,,,,,,,,,,,,,,,,,,73990.0,,,,,,,,,,,,,,,,,,,,,,,,,,,,,,,,,,,,,,,,,,,,,,,,,,,,,,,,,,,,,,,,,,,,,,,,,,,,,,,,,,,,,,,,,,,,,,212,,,,,,,,,,,,,,,,,
2023-03-03,,,,,,,,,,,,,,,,,,,,,,,,,,,,,,,,,,,,,,,,,,,,,,,,,,,,,,,,,,,,,,,,59400.0,,,,,,,,,,,,,,,,,,,,,,,,,,,,,,,,,,,,,,,,,,,,,,,,,,,,,,,,,,,,,,,,,,,,,,,,,,,,,,,,,,,,,,,,,,,,,,3,,,,,,,,,,,,,,,,,,,,,,,,,,,,,,
2023-03-04,,,,,,,,,,,39500.0,,,,,,,,,,,,,,,,,,,,,,,,,,,,,,,,,,,,,,,,,,,,,,,,,,,,,,,,,,,,,,,,,,,,,,,,,,,,,,,,,,,,,,,,,,,,,,79,,,,,,,,,,,,,,,,,,,,,,,,,,,,,,,,,,,,,,,,,,,,,,,,,,,,,,,,,,,,,,,,,,,,,,,,,,,,,,,,,,,
2023-03-05,,,,,,,,,,,,,44500.0,,,,,,,,,,,,,,,,,,,,,,,,,,,,,,,,,,,,,,,,,,,,,,,,,,,,,,,,,,,,,,,,,,,,,,,,,,,,,,,,,,,,,,,,,,,,,,468,,,,,,,,,,,,,,,,,,,,,,,,,,,,,,,,,,,,,,,,,,,,,,,,,,,,,,,,,,,,,,,,,,,,,,,,,,,,,,,,,
2023-03-06,,,,,,,,,,,,,,,,,,,,,,,,,,,,,,,,,,,,,,,,,,,,,,,,,,,,,,,,,,,47100.0,,,,,,,,,,,,,,,,,,,,,,,,,,,,,,,,,,,,,,,,,,,,,,,,,,,,,,,,,,,,,,,,,,,,,,,,,,,,,,,,,,,,,,,,,,,,,,317,,,,,,,,,,,,,,,,,,,,,,,,,,,,,,,,,,,
2023-03-07,49089.0,,,,,,,,,,,,,,,,,,,,,,,,,,,,,,,,,,,,,,,,,,,,,,,,,,,,,,,,,,,,,,,,,,,,,,,,,,,,,,,,,,,,,,,,,,,,,,88,,,,,,,,,,,,,,,,,,,,,,,,,,,,,,,,,,,,,,,,,,,,,,,,,,,,,,,,,,,,,,,,,,,,,,,,,,,,,,,,,,,,,,,,,,,,,
2023-03-08,,,,,,,,,,,,,,,,,,,,,,,,,,,,,,,,,,,,,42190.0,,,,,,,,,,,,,,,,,,,,,,,,,,,,,,,,,,,,,,,,,,,,,,,,,,,,,,,,,,,,,,,,,,,,,,,,,,,,,,,,,,,,,,,,,,,,,,45,,,,,,,,,,,,,,,,,,,,,,,,,,,,,,,,,,,,,,,,,,,,,,,,,,,,,,,,,
2023-03-09,,,,,,,,,,,,,,,,,,,,,,,,,,,,,,,,,,,,,,,,,,,,,,,,,,,,,,,,,,,,,,,,,,,,,,,,,,,,75990.0,,,,,,,,,,,,,,,,,,,,,,,,,,,,,,,,,,,,,,,,,,,,,,,,,,,,,,,,,,,,,,,,,,,,,,,,,,,,,,,,,,,,,,,,,,,,,,142,,,,,,,,,,,,,,,,,,
2023-03-10,,,,,,,,,,,,,,,,,,,,,,,,,,,,,,,,,,,,,,,,,,,,,69990.0,,,,,,,,,,,,,,,,,,,,,,,,,,,,,,,,,,,,,,,,,,,,,,,,,,,,,,,,,,,,,,,,,,,,,,,,,,,,,,,,,,,,,,,,,,,,,,5,,,,,,,,,,,,,,,,,,,,,,,,,,,,,,,,,,,,,,,,,,,,,,,,,
2023-03-11,,,,,,,,,,,,,,,,,,,,,,,,,,,,,,,,,,,,,,,,,,,,,,,,,,,,,,,,,77990.0,,,,,,,,,,,,,,,,,,,,,,,,,,,,,,,,,,,,,,,,,,,,,,,,,,,,,,,,,,,,,,,,,,,,,,,,,,,,,,,,,,,,,,,,,,,,,,0,,,,,,,,,,,,,,,,,,,,,,,,,,,,,,,,,,,,,
2023-03-12,,,,,,,,,,,,,,,,,,,,,,,,,,,,,,,,,,,,,,,,,,,,,,,,,46990.0,,,,,,,,,,,,,,,,,,,,,,,,,,,,,,,,,,,,,,,,,,,,,,,,,,,,,,,,,,,,,,,,,,,,,,,,,,,,,,,,,,,,,,,,,,,,,,451,,,,,,,,,,,,,,,,,,,,,,,,,,,,,,,,,,,,,,,,,,,,,
2023-03-13,,,,,,,,,,,,,,,,,,,,,,,,,,,,,,,,,,,,,,,,,,,,,,,,,,,,,,,,,,,,,,,,,,,,,,,,,,,,,,,,,,,,,,,,,93990.0,,,,,,,,,,,,,,,,,,,,,,,,,,,,,,,,,,,,,,,,,,,,,,,,,,,,,,,,,,,,,,,,,,,,,,,,,,,,,,,,,,,,,,,,,,,,,,145,,,,,
2023-03-14,,,,,,,,,,,,,,,,,,,,,,,,,,,,,,,,,,,,,,,,,,,,,,,,,,,,,,,50990.0,,,,,,,,,,,,,,,,,,,,,,,,,,,,,,,,,,,,,,,,,,,,,,,,,,,,,,,,,,,,,,,,,,,,,,,,,,,,,,,,,,,,,,,,,,,,,,23,,,,,,,,,,,,,,,,,,,,,,,,,,,,,,,,,,,,,,,
2023-03-15,,,,,,,,,,,,,,,,,,,,,,,,,,,,,,,,,,,,,,,,,,,,,,,,,,,,,,,,,,,,,,,,,,,,,,,,,,,,,,,,,,,,42990.0,,,,,,,,,,,,,,,,,,,,,,,,,,,,,,,,,,,,,,,,,,,,,,,,,,,,,,,,,,,,,,,,,,,,,,,,,,,,,,,,,,,,,,,,,,,,,,0,,,,,,,,,,
2023-03-16,,,,,,,,,,,,,,,,,,,,,,,,,,,,,,,,,,,,,,,,,,,,,,,,85990.0,,,,,,,,,,,,,,,,,,,,,,,,,,,,,,,,,,,,,,,,,,,,,,,,,,,,,,,,,,,,,,,,,,,,,,,,,,,,,,,,,,,,,,,,,,,,,,3,,,,,,,,,,,,,,,,,,,,,,,,,,,,,,,,,,,,,,,,,,,,,,
2023-03-17,,,,,,,,,,,,,,,,,,,,,,,,,,,,,,,,,,,,,,,,,,,,,,,,,,,,,,,,,,,,,,,,,,,,,,,,,,,,,,,,,,56990.0,,,,,,,,,,,,,,,,,,,,,,,,,,,,,,,,,,,,,,,,,,,,,,,,,,,,,,,,,,,,,,,,,,,,,,,,,,,,,,,,,,,,,,,,,,,,,,3,,,,,,,,,,,,
2023-03-19,,,49000.0,,,,,,,,,,,,,,,,,,,,,,,,,,,,,,,,,,,,,,,,,,,,,,,,,,,,,,,,,,,,,,,,,,,,,,,,,,,,,,,,,,,,,,,,,,,,,,"3,157",,,,,,,,,,,,,,,,,,,,,,,,,,,,,,,,,,,,,,,,,,,,,,,,,,,,,,,,,,,,,,,,,,,,,,,,,,,,,,,,,,,,,,,,,,,
2023-03-20,,,,,,,,,,,,,,,,,,,,,,,,,,,,,,,,,,,,,,,,,,,,,,,,,,,,,,,,,,,,,,,,,,,,,,,,,,,,,,,,,,,,,49990.0,,,,,,,,,,,,,,,,,,,,,,,,,,,,,,,,,,,,,,,,,,,,,,,,,,,,,,,,,,,,,,,,,,,,,,,,,,,,,,,,,,,,,,,,,,,,,,2,,,,,,,,,
2023-03-21,,,,,,,,,,,,,,,,,,,,,,,,,,,,,,,,,,,,,,,,,,,,,,,,,,,,,,,,,,,,50600.0,,,,,,,,,,,,,,,,,,,,,,,,,,,,,,,,,,,,,,,,,,,,,,,,,,,,,,,,,,,,,,,,,,,,,,,,,,,,,,,,,,,,,,,,,,,,,,3,,,,,,,,,,,,,,,,,,,,,,,,,,,,,,,,,,
2023-03-22,,,,,,,,,,,,73000.0,,,,,,,,,,,,,,,,,,,,,,,,,,,,,,,,,,,,,,,,,,,,,,,,,,,,,,,,,,,,,,,,,,,,,,,,,,,,,,,,,,,,,,,,,,,,,,0,,,,,,,,,,,,,,,,,,,,,,,,,,,,,,,,,,,,,,,,,,,,,,,,,,,,,,,,,,,,,,,,,,,,,,,,,,,,,,,,,,
2023-03-23,,,,,,,,,,,,,,,,,,,,,,,,,,,,,,,,,,,,,,,,,,,,,,,,,,,,,,,,,,,,,,,,,,,,,,,,,,,,,,83990.0,,,,,,,,,,,,,,,,,,,,,,,,,,,,,,,,,,,,,,,,,,,,,,,,,,,,,,,,,,,,,,,,,,,,,,,,,,,,,,,,,,,,,,,,,,,,,,8,,,,,,,,,,,,,,,,
2023-03-24,,,,,,,,,,,,,,,,,,,,,,,,,,,,,,,,,,,,,,,,,78990.0,,,,,,,,,,,,,,,,,,,,,,,,,,,,,,,,,,,,,,,,,,,,,,,,,,,,,,,,,,,,,,,,,,,,,,,,,,,,,,,,,,,,,,,,,,,,,,274,,,,,,,,,,,,,,,,,,,,,,,,,,,,,,,,,,,,,,,,,,,,,,,,,,,,,
2023-03-25,,56179.0,,,,,,,,,,,,,,,,,,,,,,,,,,,,,,,,,,,,,,,,,,,,,,,,,,,,,,,,,,,,,,,,,,,,,,,,,,,,,,,,,,,,,,,,,,,,,,39,,,,,,,,,,,,,,,,,,,,,,,,,,,,,,,,,,,,,,,,,,,,,,,,,,,,,,,,,,,,,,,,,,,,,,,,,,,,,,,,,,,,,,,,,,,,
2023-03-26,,,,,,,,,,,,,,,,,,,,,,,,,,,,,,,,,,,,59700.0,,,,,,,,,,,,,,,,,,,,,,,,,,,,,,,,,,,,,,,,,,,,,,,,,,,,,,,,,,,,,,,,,,,,,,,,,,,,,,,,,,,,,,,,,,,,,,2,,,,,,,,,,,,,,,,,,,,,,,,,,,,,,,,,,,,,,,,,,,,,,,,,,,,,,,,,,
2023-03-27,,,,,30000.0,,,,,,,,,,,,,,,,,,,,,,,,,,,,,,,,,,,,,,,,,,,,,,,,,,,,,,,,,,,,,,,,,,,,,,,,,,,,,,,,,,,,,,,,,,,,,,178,,,,,,,,,,,,,,,,,,,,,,,,,,,,,,,,,,,,,,,,,,,,,,,,,,,,,,,,,,,,,,,,,,,,,,,,,,,,,,,,,,,,,,,,,
2023-03-28,,,,,,,,,,,,,,,,,,,,,,,,,,,,,,,,,,,,,,,,,,,,,,,,,,,,,,,,,,,,,,,,,,,,,,,,,,,,,,,,29490.0,,,,,,,,,,,,,,,,,,,,,,,,,,,,,,,,,,,,,,,,,,,,,,,,,,,,,,,,,,,,,,,,,,,,,,,,,,,,,,,,,,,,,,,,,,,,,,655,,,,,,,,,,,,,,
2023-03-29,,,,,,,,,,,,,,,,,,,,,,40900.0,,,,,,,,,,,,,,,,,,,,,,,,,,,,,,,,,,,,,,,,,,,,,,,,,,,,,,,,,,,,,,,,,,,,,,,,,,,,,,,,,,,,,,,,,,,,,,81,,,,,,,,,,,,,,,,,,,,,,,,,,,,,,,,,,,,,,,,,,,,,,,,,,,,,,,,,,,,,,,,,,,,,,,,
2023-03-30,,,,,,,,,,,,,,,,,,,,,,,,,,,,,,,,,,,,,,,,,,,,,,,,,,,,,,,,,,,,,,,,,,77150.0,,,,,,,,,,,,,,,,,,,,,,,,,,,,,,,,,,,,,,,,,,,,,,,,,,,,,,,,,,,,,,,,,,,,,,,,,,,,,,,,,,,,,,,,,,,,,,3,,,,,,,,,,,,,,,,,,,,,,,,,,,,
2023-03-31,,,,,,,,,,,,,,,,,,,,,,,,,,,,,,,,,,,,,,,,,,,,,,,,,,,,,,,,,,,,,,,,,,,87900.0,,,,,,,,,,,,,,,,,,,,,,,,,,,,,,,,,,,,,,,,,,,,,,,,,,,,,,,,,,,,,,,,,,,,,,,,,,,,,,,,,,,,,,,,,,,,,,1,,,,,,,,,,,,,,,,,,,,,,,,,,,
2023-04-01,,,,,,,,,,,,,,71750.0,,,,,,,,,,,,,,,,,,,,,,,,,,,,,,,,,,,,,,,,,,,,,,,,,,,,,,,,,,,,,,,,,,,,,,,,,,,,,,,,,,,,,,,,,,,,,,43,,,,,,,,,,,,,,,,,,,,,,,,,,,,,,,,,,,,,,,,,,,,,,,,,,,,,,,,,,,,,,,,,,,,,,,,,,,,,,,,
2023-04-02,,,,,,,,,,,,,,,,,,,,,,,,,,,,,,,,,,,,,,,,,,,,,,,,,,,,59990.0,,,,,,,,,,,,,,,,,,,,,,,,,,,,,,,,,,,,,,,,,,,,,,,,,,,,,,,,,,,,,,,,,,,,,,,,,,,,,,,,,,,,,,,,,,,,,,234,,,,,,,,,,,,,,,,,,,,,,,,,,,,,,,,,,,,,,,,,,
2023-04-03,,,,,,,,,,,,,,,,54590.0,,,,,,,,,,,,,,,,,,,,,,,,,,,,,,,,,,,,,,,,,,,,,,,,,,,,,,,,,,,,,,,,,,,,,,,,,,,,,,,,,,,,,,,,,,,,,,134,,,,,,,,,,,,,,,,,,,,,,,,,,,,,,,,,,,,,,,,,,,,,,,,,,,,,,,,,,,,,,,,,,,,,,,,,,,,,,
2023-04-04,,,,,,,,,,,,,,,,,,,,,,,,,,,,,,,,,,,,,,,,,,,,,,,,,,,,,,,,,,,,,,,,,,,,,,,,,,,,,,,,,,,,,,,,,,35990.0,,,,,,,,,,,,,,,,,,,,,,,,,,,,,,,,,,,,,,,,,,,,,,,,,,,,,,,,,,,,,,,,,,,,,,,,,,,,,,,,,,,,,,,,,,,,,,0,,,,
2023-04-05,,,,,,,,,,,,,,,,,,,,,,,,,,,,,,,,,,48200.0,,,,,,,,,,,,,,,,,,,,,,,,,,,,,,,,,,,,,,,,,,,,,,,,,,,,,,,,,,,,,,,,,,,,,,,,,,,,,,,,,,,,,,,,,,,,,,97,,,,,,,,,,,,,,,,,,,,,,,,,,,,,,,,,,,,,,,,,,,,,,,,,,,,,,,,,,,,
2023-04-06,,,,,,,,,,,,,,,,,,,,,,,,,,,,,,,,,,,,,,,,,,,,,,,,,,,,,,,,,,,,,,,,,,,,,,52990.0,,,,,,,,,,,,,,,,,,,,,,,,,,,,,,,,,,,,,,,,,,,,,,,,,,,,,,,,,,,,,,,,,,,,,,,,,,,,,,,,,,,,,,,,,,,,,,229,,,,,,,,,,,,,,,,,,,,,,,,
2023-04-07,,,,,,,,,,,,,,,,,,,,,,,,,,,,73800.0,,,,,,,,,,,,,,,,,,,,,,,,,,,,,,,,,,,,,,,,,,,,,,,,,,,,,,,,,,,,,,,,,,,,,,,,,,,,,,,,,,,,,,,,,,,,,,12,,,,,,,,,,,,,,,,,,,,,,,,,,,,,,,,,,,,,,,,,,,,,,,,,,,,,,,,,,,,,,,,,,
2023-04-08,,,,,,,,,,,,,,,,,,,,,,,,,,,,,,,,,,,,,,,,,,,,,,,,,,,,,,,,,,,,,,61400.0,,,,,,,,,,,,,,,,,,,,,,,,,,,,,,,,,,,,,,,,,,,,,,,,,,,,,,,,,,,,,,,,,,,,,,,,,,,,,,,,,,,,,,,,,,,,,,2,,,,,,,,,,,,,,,,,,,,,,,,,,,,,,,,
2023-04-09,,,,,,,,,,,,,,,,,,,,,,,,,,,,,,,,,,,,,,,,,,,,,,,,,,,,,,,,,,,,,,,,,,,,,,,,,,,,,,,,,,,,,,,,,,,,,66900.0,,,,,,,,,,,,,,,,,,,,,,,,,,,,,,,,,,,,,,,,,,,,,,,,,,,,,,,,,,,,,,,,,,,,,,,,,,,,,,,,,,,,,,,,,,,,,,0,
